﻿<?xml version="1.0" encoding="utf-8" ?>
<hibernate-mapping xmlns="urn:nhibernate-mapping-2.2">
	<class name="BasicSample.Core.Domain.Customer, BasicSample.Core" table="Customers" lazy="false">
		<id name="ID" column="CustomerID">
			<generator class="assigned" />
		</id>

		<property name="CompanyName" column="CompanyName" />
		<property name="ContactName" column="ContactName" />

    <bag name="Orders" table="Orders" inverse="true">
	    <key column="CustomerID" />
	    <one-to-many class="BasicSample.Core.Domain.Order, BasicSample.Core" />
    </bag>
	</class>
</hibernate-mapping>
