<?xml version="1.0" encoding="utf-8"?>
<VisualState xmlns:xsi="http://www.w3.org/2001/XMLSchema-instance" xmlns:xsd="http://www.w3.org/2001/XMLSchema" ShowCheckBoxes="false">
  <TopNode>[0-1000]D:\Visual Studio 2005\Projects\NHContrib\src\NHibernate.Burrow\build\NHibernate.Burrow-1.0.0.Alpha\System.Web.Extensions.dll</TopNode>
  <SelectedNode>[0-1000]D:\Visual Studio 2005\Projects\NHContrib\src\NHibernate.Burrow\build\NHibernate.Burrow-1.0.0.Alpha\System.Web.Extensions.dll</SelectedNode>
  <ExcludeCategories>false</ExcludeCategories>
  <Nodes>
    <Node UniqueName="[0-1000]D:\Visual Studio 2005\Projects\NHContrib\src\NHibernate.Burrow\build\NHibernate.Burrow-1.0.0.Alpha\System.Web.Extensions.dll" />
  </Nodes>
</VisualState>